cost_id,lot_id,date,cost_type,amount_BRL
bdd640fb-0667-4ad1-9c80-317fa3b1799d,LOTE-01,2023-01-28,Materiais Brutos,184132
1a3d1fa7-bc89-40a9-a3b8-c1e9392456de,LOTE-02,2023-03-08,Aluguel de Máquinas,230619
972a8469-1641-4f82-8b9d-2434e465e150,LOTE-02,2023-02-11,Manutenção,287166
3b8faa18-37f8-488b-97fc-695a07a0ca6e,LOTE-04,2023-02-20,Aluguel de Máquinas,234376
b74d0fb1-32e7-4629-8fad-c1a606cb0fb3,LOTE-02,2023-03-06,Salários,227796
72ff5d2a-386e-4be0-ab65-a6a48b8148f6,LOTE-03,2023-02-28,Materiais Brutos,244003
c241330b-01a9-471f-9e8a-774bcf36d58b,LOTE-02,2023-03-21,Salários,72572
47229389-571a-4876-ac30-7511b2b9437a,LOTE-04,2023-01-16,Aluguel de Máquinas,107541
1a2a73ed-562b-4f79-8374-59eef50bea63,LOTE-03,2023-01-10,Aluguel de Máquinas,203079
580d7b71-d8f5-4413-9be6-128e18c26797,LOTE-02,2023-03-01,Aluguel de Máquinas,61247
759cde66-bacf-43d0-8b1f-9163ce9ff57f,LOTE-02,2023-02-23,Aluguel de Máquinas,66003
142c3fe8-60e7-4113-ac1b-8ca1f91e1d4c,LOTE-05,2023-02-24,Salários,281313
e2acf72f-9e57-4f7a-a0ee-89aed453dd32,LOTE-05,2023-03-27,Manutenção,84539
11ce5dd2-b45e-41f0-b139-d32c93cd59bf,LOTE-05,2023-01-05,Combustível,49440
fc377a4c-4a15-444d-85e7-ce8a3a578a8e,LOTE-03,2023-01-08,Salários,377004
614ff3d7-19db-4ad0-9dd1-dfb23b982ef8,LOTE-04,2023-01-28,Manutenção,280361
29a3b2e9-5d65-4441-9588-42dea2bc372f,LOTE-03,2023-02-06,Materiais Brutos,130799
b3aa7efe-4458-4885-ab90-99a435a240ae,LOTE-01,2023-04-03,Materiais Brutos,210145
a28defe3-9bf0-4273-9247-6f57a5e5a5ab,LOTE-04,2023-01-17,Combustível,120726
7656af72-29d4-4eef-beab-edcbbaa80dd4,LOTE-01,2023-02-07,Manutenção,238223
b02b61c4-a3d7-4628-ace6-6fa2fd5166e6,LOTE-03,2023-02-25,Salários,200213
c4b032cc-d7c5-44a5-9304-317faf42e12f,LOTE-03,2023-03-18,Salários,426808
ce177b4e-0837-48a3-9261-a7ab3aa2e4f9,LOTE-03,2023-02-01,Manutenção,44149
e9c349e0-3602-48ac-90f1-bc81448aaa9e,LOTE-04,2023-04-04,Manutenção,188430
366eb16f-508e-4ad7-b7c9-3acfe059a0ee,LOTE-05,2023-03-06,Materiais Brutos,209025
a491f0b2-ea1f-4a65-a27a-984d654821d0,LOTE-02,2023-02-15,Combustível,88332
beb79919-3f22-4af8-a3be-d01d43cf2fde,LOTE-02,2023-02-25,Salários,25930
6dadd6c7-95a7-4d79-bf3c-4c06434308bc,LOTE-02,2023-03-30,Manutenção,441661
ff50bde4-3825-47b8-9cab-cc97663f1c97,LOTE-03,2023-04-09,Manutenção,18551
c17af08a-1745-46d8-be57-0ddf827050a8,LOTE-05,2023-01-05,Aluguel de Máquinas,45174
28f49481-a0a0-4dc4-a720-9bdf1c11f735,LOTE-02,2023-03-20,Manutenção,28482
62801c45-1043-4a10-98ae-43346c12ace8,LOTE-05,2023-02-07,Materiais Brutos,443720
405cacec-8774-49a9-b7d2-1e02ff01cf99,LOTE-04,2023-04-07,Materiais Brutos,465228
ae270da7-02f0-4b90-b143-262fdc5c0eed,LOTE-03,2023-03-13,Materiais Brutos,328189
c0398710-8976-4334-a281-7efdae849217,LOTE-03,2023-01-27,Materiais Brutos,165621
4b22d308-1c8e-4ee9-9715-bd6fa4161293,LOTE-04,2023-02-13,Aluguel de Máquinas,184028
b8db0672-f42d-47cc-80d4-af5974273ca3,LOTE-05,2023-03-28,Manutenção,127589
c30ff46e-8026-495f-b8cd-a88b436d76e2,LOTE-01,2023-01-18,Combustível,311779
a013ac6e-deda-4e16-9b3d-bd5ce9a1fa6f,LOTE-03,2023-01-30,Combustível,430116
32ebd689-9be5-48c7-81f6-31d4a39231a7,LOTE-05,2023-01-16,Manutenção,79617
f4188f3f-8a14-4e62-a95b-4715c333e861,LOTE-01,2023-03-19,Manutenção,387257
99546eb4-0025-4ad1-ab22-63dd87c5421e,LOTE-05,2023-02-02,Aluguel de Máquinas,16101
5cec4eb5-edd9-4831-9ca3-5cfb04fc6d82,LOTE-03,2023-03-28,Materiais Brutos,126771
3d4cbf37-4eb9-4eff-8e88-cb2dd4e80839,LOTE-02,2023-01-06,Manutenção,135226
14296c07-f26b-4776-913e-4de2e0c53cb8,LOTE-03,2023-01-09,Aluguel de Máquinas,464955
fa5d3100-11b7-4948-90e6-e6607c69dee1,LOTE-01,2023-03-17,Combustível,149712
a8e56e0c-20de-435d-a031-d750c40db9b4,LOTE-03,2023-02-17,Aluguel de Máquinas,262435
8715a103-43da-4043-aa45-c2ab8cbfedb0,LOTE-05,2023-03-28,Materiais Brutos,116349
edcd465e-3638-4821-b6e0-7cc06c52c49f,LOTE-05,2023-02-23,Combustível,69466
b683d2e6-337e-42df-b09b-2a5cbadcc32a,LOTE-04,2023-01-31,Manutenção,350441
5f987c71-a65e-488e-abf3-ad39fec21bbe,LOTE-05,2023-02-13,Manutenção,22850
3f76be1d-1efa-4197-b394-988f847fd9b4,LOTE-01,2023-01-23,Manutenção,12768
8dcdcd03-969b-4662-8562-8059568cc69b,LOTE-03,2023-01-23,Manutenção,494209
b535106e-122c-4a56-81d7-425638602ab6,LOTE-02,2023-03-04,Materiais Brutos,206345
080aadfb-e7c9-4b26-9141-25c63a9bedd4,LOTE-01,2023-03-27,Manutenção,227543
474a493b-3ced-4f2d-839f-bc501223b513,LOTE-02,2023-03-08,Aluguel de Máquinas,32195
b92da22b-21df-406f-8a0b-3c3336d8393a,LOTE-05,2023-04-03,Aluguel de Máquinas,11352
3e351128-7900-47f9-9382-9b43922fe15a,LOTE-01,2023-03-19,Combustível,92552
1825bc54-30be-445f-a835-14f2ceb81f9d,LOTE-02,2023-01-10,Materiais Brutos,457248
693dffbc-6c6f-4611-9ab3-3edf6e595ed3,LOTE-01,2023-02-16,Aluguel de Máquinas,206792
a748dbcf-ac61-4e63-8dde-29a6baa4b71a,LOTE-04,2023-04-08,Salários,185324
ba6c34ab-6712-403a-8f84-4fef1931e9ee,LOTE-01,2023-02-03,Combustível,41882
310c0c00-3fa7-4104-9bf9-0e27dc96925e,LOTE-03,2023-01-19,Manutenção,109795
2ef91276-6c00-4f61-a3e2-fcb472d8567d,LOTE-01,2023-01-28,Salários,374232
134c6c92-ec5b-427c-9fde-4fbf3ff350bf,LOTE-01,2023-02-13,Manutenção,182971
19108be5-8ce2-4ea3-9b20-a56edc815fe7,LOTE-04,2023-01-06,Materiais Brutos,207607
03c72ba8-d605-4770-8a63-f881ffd0f9d5,LOTE-01,2023-04-06,Combustível,469568
3c835dc0-d944-4fa5-80e9-ab30ed2662e9,LOTE-04,2023-01-17,Manutenção,489193
dd59ba71-36b8-4481-bb3a-4e3e7c52fa17,LOTE-04,2023-02-09,Manutenção,62050
008d4127-6104-41e3-aa25-a8880f02bad0,LOTE-01,2023-04-08,Aluguel de Máquinas,156343
c8fe3ccd-c8b8-49c6-ad30-49cf43e458fc,LOTE-03,2023-02-15,Salários,444089
bb026576-f512-44c3-b253-d2186c4a37ea,LOTE-03,2023-04-09,Salários,71233
7c967f79-b7e9-4aca-a970-65e18e46d534,LOTE-05,2023-01-16,Materiais Brutos,400673
0ef8c2d6-f7fd-4646-b7bb-3eec4bf50b52,LOTE-05,2023-02-27,Aluguel de Máquinas,479946
504867ba-bf7b-439b-8f9a-ea4b8acd4e10,LOTE-03,2023-01-06,Manutenção,62659
eb5cf467-80ba-4d64-ba0e-cfea958ca9ba,LOTE-03,2023-03-26,Aluguel de Máquinas,480370
82010c62-f5f5-4b22-8e8f-a8e0284d82e5,LOTE-01,2023-01-08,Combustível,284810
1165e210-9854-4881-918a-9d292f923996,LOTE-02,2023-03-08,Materiais Brutos,285800
f10c718b-1eb0-438a-a75d-d5af3c365296,LOTE-05,2023-03-30,Materiais Brutos,311440
0a2c827e-9832-4856-9434-0a033f07f814,LOTE-04,2023-03-03,Manutenção,265986
90b2b633-956b-4c0c-a849-9b926b5252e3,LOTE-02,2023-02-21,Aluguel de Máquinas,176312
ab73295b-344a-44b8-82c1-8a62ef48e8d5,LOTE-03,2023-03-12,Aluguel de Máquinas,161799
21813d25-6552-48a6-83ff-50113d1a85dd,LOTE-02,2023-03-08,Salários,198943
edd4253b-50f0-4d0a-b50c-ab754ccc9bc2,LOTE-02,2023-03-16,Salários,82571
9f044aed-7552-4327-8262-7f7312922f83,LOTE-03,2023-04-09,Combustível,86707
89a2688b-12c1-46e0-9998-5f15ff002d4d,LOTE-04,2023-01-22,Combustível,375702
5958a499-eeea-463e-a1e8-ac6843e42caf,LOTE-01,2023-03-29,Aluguel de Máquinas,145517
48f4ef12-5e99-43d2-be89-6c64e117dac3,LOTE-03,2023-01-16,Combustível,316269
4d71c366-b41b-4143-8b10-550cd5704f32,LOTE-04,2023-03-02,Combustível,283046
8768a84f-a76a-4de6-8e9e-1a11fcbb4e59,LOTE-01,2023-01-01,Aluguel de Máquinas,222305
ee87905e-4ca4-45ea-8dfa-6a56d12dbc9a,LOTE-04,2023-03-07,Aluguel de Máquinas,330385
43b409ef-2260-470f-a0cc-edc5f05db76e,LOTE-05,2023-01-12,Aluguel de Máquinas,49894
27cb6f2a-8da0-4097-be0f-051b1b66b5a9,LOTE-05,2023-01-27,Manutenção,244419
57c700aa-b7b5-4ea7-b5eb-d32d9ad620ab,LOTE-01,2023-01-21,Combustível,141633
81627cf1-4394-42e6-9a58-7e8aa25d6b29,LOTE-02,2023-02-18,Salários,312324
0d01280f-d89a-40c0-a87d-1c78e7c421c7,LOTE-01,2023-01-10,Manutenção,40335
0b49452d-46d4-43f3-9450-281c6c6f7633,LOTE-01,2023-01-01,Salários,399925
fad409e2-a319-4cb4-a17d-65a0c56811cd,LOTE-03,2023-01-26,Aluguel de Máquinas,161659
b4a69f3c-8d3a-4d99-b11c-21c9bdc14f1f,LOTE-03,2023-02-12,Salários,238365
f1eedba3-1343-4e61-9ca3-c4480279b6a6,LOTE-03,2023-03-29,Salários,421939
093923de-8bab-4e3b-a628-6bfbe767dcea,LOTE-02,2023-03-24,Aluguel de Máquinas,315022
6e068097-25e9-4977-8d72-48e2951f58d0,LOTE-03,2023-01-13,Salários,194632
eededb07-e623-4689-9d59-cd2a4eea04e7,LOTE-01,2023-03-20,Aluguel de Máquinas,311671
5b9962c6-e61f-4cc0-8a36-8ce7dc570131,LOTE-05,2023-01-21,Aluguel de Máquinas,302005
5a8aaeca-1a50-4ec3-aabc-25fa3fe12e47,LOTE-05,2023-03-19,Manutenção,395484
f94d6204-6808-493f-9fed-2c43e256a6dc,LOTE-03,2023-03-03,Aluguel de Máquinas,448912
3c9ad14c-ee0c-4eb5-acfe-db992790cebd,LOTE-02,2023-03-27,Combustível,143471
2d534dd0-cf8e-4c5a-8cc5-6569f9e8a369,LOTE-01,2023-03-29,Combustível,358099
ecab3301-bc8f-4d29-adea-94930658663a,LOTE-02,2023-02-02,Salários,321673
ab7f089a-cd5f-4822-a966-08aaee49f329,LOTE-04,2023-03-27,Aluguel de Máquinas,133901
28c13091-444d-410b-bf87-e362cf8d446a,LOTE-02,2023-03-19,Materiais Brutos,217373
09e9db0a-df46-4290-a1ee-411a1bac27a7,LOTE-02,2023-03-27,Materiais Brutos,91757
eb1fa9f2-d10b-41d0-b317-347038f16a81,LOTE-01,2023-02-15,Combustível,386082
df0f06cb-cb9b-4326-920e-ac174e20fd1a,LOTE-01,2023-01-23,Salários,278831
6601ddd0-3170-4437-a8f7-ef5a060edf5b,LOTE-05,2023-02-02,Combustível,493745
c5f8bc16-f786-4b50-91c5-8ef0dd463c09,LOTE-04,2023-01-28,Salários,164755
adf4e62d-6651-429e-8268-690ba43825b5,LOTE-04,2023-04-08,Combustível,489481
0710d430-f071-4879-94c6-3cd889456f27,LOTE-05,2023-01-12,Materiais Brutos,33516
94a1875d-2db6-4edb-82de-ffccf86c2ca2,LOTE-04,2023-04-06,Manutenção,423484
98b8e4cc-1bc0-44fc-89cb-394243f59a85,LOTE-05,2023-02-13,Aluguel de Máquinas,179639
6fb78271-504d-481f-8953-5b63ba81edd9,LOTE-05,2023-03-02,Manutenção,57986
e645f129-629c-4ae3-9d9a-f65982ec9f2d,LOTE-02,2023-02-27,Manutenção,21239
6fa17735-b572-43d0-8b5c-ea6a41357e8c,LOTE-03,2023-01-01,Manutenção,498866
afd5dea5-89d7-4d6c-8e77-7f00ecf27e76,LOTE-02,2023-03-13,Manutenção,95550
3270e4fa-abae-4f43-bcae-8081bdf070aa,LOTE-03,2023-02-06,Salários,76946
ebb7a385-aa0b-4b14-b2e9-702d11e9cdaa,LOTE-01,2023-02-02,Manutenção,36079
1fe771d6-d917-4793-a9d3-c2e6505cc686,LOTE-04,2023-03-13,Combustível,474651
aab97e49-4f2d-4796-81d2-c7de4ce1eb90,LOTE-02,2023-02-10,Manutenção,231273
8dedf9fb-4bb0-4f20-b27c-40266703b636,LOTE-03,2023-01-13,Aluguel de Máquinas,199684
610faa3f-f0bb-4c67-aa38-d0a16ba25efe,LOTE-03,2023-03-09,Manutenção,454596
91b0e1d9-9d92-42af-ac8d-0e44e71e43a6,LOTE-04,2023-01-30,Salários,42511
4dcabfb7-001a-4a8b-956f-03508c459ce2,LOTE-01,2023-01-29,Aluguel de Máquinas,353687
9b4e2c24-9479-41e6-8927-7d9b6e0d2648,LOTE-05,2023-03-06,Salários,245715
acf5e81e-7131-4269-b118-e36477097749,LOTE-04,2023-01-22,Salários,321885
f5b78cc7-e6b3-4944-8b32-3e357922bac2,LOTE-03,2023-03-20,Salários,10105
48a639d0-15b5-4908-a8aa-71582b70e525,LOTE-05,2023-02-21,Manutenção,143742
17e8392a-55ce-45db-9e87-e04ca2086977,LOTE-02,2023-03-23,Manutenção,158991
4f77a665-ac3c-4640-bc20-592fc04a96c4,LOTE-03,2023-01-23,Manutenção,197214
0bd4a990-0640-4e0f-a5b8-fd4b32fa2de8,LOTE-02,2023-01-25,Combustível,258448
c4bbb7a9-d988-48dd-9c7c-737779a28903,LOTE-05,2023-01-08,Salários,178288
935f2b0a-a138-4ddc-a2d9-de5d6a18ce4c,LOTE-01,2023-01-20,Manutenção,131916
664fa663-7e8f-4095-a24c-69b6b24445a7,LOTE-02,2023-01-25,Manutenção,361172
e4855aa1-016b-4287-b008-05cca7f36ae9,LOTE-01,2023-03-16,Aluguel de Máquinas,479416
c7468f59-1b49-4e15-a2ad-d909c521bf2d,LOTE-04,2023-02-12,Materiais Brutos,330966
b227462c-f53d-4330-8dda-24ba2d06e8cf,LOTE-02,2023-02-21,Aluguel de Máquinas,46742
eadf5085-3fcb-4546-8eb2-25790cdb1ca4,LOTE-05,2023-03-25,Combustível,123018
76f2dbfe-cd29-436f-a222-82e174daaebf,LOTE-03,2023-03-08,Combustível,57470
513a7052-986f-4025-8f15-ba58fce68504,LOTE-05,2023-04-05,Aluguel de Máquinas,307958
d0a44432-9cd6-4852-b14c-7df4e4347d51,LOTE-03,2023-03-13,Salários,219403
e827a1b9-d4a0-4e53-ad3e-e1dc81392443,LOTE-01,2023-02-24,Salários,180790
dc8aee30-be60-43f7-a8be-9288e5af6e39,LOTE-02,2023-02-16,Combustível,84249
d701410d-3f4b-4a70-8074-718e425a609f,LOTE-03,2023-03-05,Materiais Brutos,265074
7c0e8cd8-8573-4793-8715-b2b9c40c5d91,LOTE-03,2023-03-04,Manutenção,77219
b6aae05b-13d5-42f7-b09b-7d97464c04af,LOTE-01,2023-01-29,Materiais Brutos,310289
e49d681d-51d8-4c64-95fa-1ab8458f1f19,LOTE-04,2023-02-23,Materiais Brutos,17809
620e99d3-3b33-43d8-a69c-d696236c7b87,LOTE-01,2023-03-10,Manutenção,398637
6a34c854-1071-4d51-b6c5-9dacb4d7e28e,LOTE-02,2023-02-10,Combustível,114892
0ff0a55c-6a70-4e2f-b746-d0ba8ae8905b,LOTE-04,2023-01-21,Manutenção,463915
c51155ff-e7a3-4e81-a3b4-c08b6b8e869f,LOTE-03,2023-02-27,Manutenção,389715
e172b725-db52-4a58-8500-0bc6b20dcb6e,LOTE-01,2023-03-17,Manutenção,249366
f1578470-0182-47c4-ba1b-58066160a6b4,LOTE-04,2023-02-04,Combustível,404785
e4429ebb-da7b-4095-a3d6-2a39c0e3befd,LOTE-05,2023-04-05,Combustível,401742
bc10fa52-bf5d-4fdf-89c8-d2ab6b44fa8d,LOTE-05,2023-02-24,Aluguel de Máquinas,284286
7cfc9b79-3875-494c-a5d6-f6e69a6ec2f5,LOTE-04,2023-01-22,Materiais Brutos,407701
638c254c-076e-4bba-bc53-08bf6f92f25e,LOTE-01,2023-02-03,Manutenção,476288
b963f37f-6781-4c1f-8c53-0e36addc3e13,LOTE-03,2023-01-17,Materiais Brutos,289207
fb10987f-20ac-4703-ab67-146a77a6e17c,LOTE-03,2023-03-03,Salários,186210
978648f8-64de-42e6-a82c-7d7b06e745f9,LOTE-04,2023-02-25,Materiais Brutos,96866
6db99102-a48b-4dbe-957d-94a106f028ff,LOTE-02,2023-01-14,Manutenção,216162
42999aa4-0cdf-442b-ae85-cb217631de9d,LOTE-04,2023-02-07,Aluguel de Máquinas,21507
56666f9f-53ac-4ab9-b467-2cd9362f5e5c,LOTE-02,2023-03-17,Salários,154097
f3821cfd-c083-473a-873b-d358610e6a64,LOTE-03,2023-03-24,Manutenção,192075
78660765-14f7-4e8d-95bc-b8d04094dded,LOTE-05,2023-01-02,Materiais Brutos,415275
f3b1025b-fff9-4585-8d55-7b618a175dfe,LOTE-05,2023-02-04,Aluguel de Máquinas,267864
f510ab53-c7fe-439f-9190-f938a66fd7f7,LOTE-03,2023-03-06,Salários,334204
3f4df561-f319-4125-87f1-94f9c1156d6d,LOTE-03,2023-01-20,Materiais Brutos,346422
3d114802-2702-478b-9f0f-da8d05379ff6,LOTE-03,2023-01-13,Manutenção,486598
f2a03459-9060-4f62-9d48-a071ab61a7b1,LOTE-05,2023-01-22,Salários,50326
5e6fea07-c453-4f1d-8199-2fdfb31022f0,LOTE-02,2023-01-17,Combustível,326561
b7e6427c-bf78-4e3f-b6b7-51f79b749245,LOTE-05,2023-01-12,Aluguel de Máquinas,473606
4fa03f26-f6f7-40cc-a9ec-8e49d1bdb8c0,LOTE-05,2023-01-11,Aluguel de Máquinas,348698
93676a02-4fdc-4e1b-adcb-8cb60692dc63,LOTE-04,2023-03-09,Aluguel de Máquinas,23923
f1043785-658b-4523-a014-1de9f54ad0a2,LOTE-03,2023-03-12,Salários,197249
d4a057a7-b0cc-4b3b-9793-b9b413748146,LOTE-02,2023-03-04,Combustível,393303
4d3485c5-c5c1-4eb4-b27b-3d901a16342c,LOTE-01,2023-03-26,Aluguel de Máquinas,130953
cbd58bf6-1efd-46e9-8e37-14af99b49350,LOTE-01,2023-04-08,Aluguel de Máquinas,150423
8861fe18-58e2-4888-8a83-81bec85aca46,LOTE-03,2023-02-12,Materiais Brutos,354190
a5c5650c-8186-4576-91a7-26095eddbbbf,LOTE-01,2023-02-03,Manutenção,426269
7d7ddbed-d284-476c-ab88-f83dd97dc9cd,LOTE-03,2023-01-11,Aluguel de Máquinas,160338
e43e4288-a2b5-4498-9cb8-5aedf5f62c97,LOTE-02,2023-03-24,Combustível,156509
2d174fc9-6f7c-45ea-a72a-6d8eb5122df8,LOTE-04,2023-03-14,Salários,407941
9dac6e83-4524-4ea6-a684-6099f7294951,LOTE-01,2023-03-22,Materiais Brutos,15122
7701f7bb-7bc6-4e1f-864e-e6e389c5b31a,LOTE-04,2023-02-13,Manutenção,224500
52828d80-44b5-41f7-97ac-6aa8bb2488a3,LOTE-05,2023-03-26,Manutenção,53450
4767d76c-162f-4a24-af43-613cd4aac9a3,LOTE-05,2023-03-29,Combustível,166309
91e1aa96-76f7-4255-801f-36bf3e6dd58b,LOTE-04,2023-03-02,Aluguel de Máquinas,389578
7e8adee7-0758-4201-961e-16d16105716b,LOTE-04,2023-03-26,Combustível,488698
5ad5cf06-364d-4c87-bcd0-129d2e8d0e87,LOTE-01,2023-03-20,Materiais Brutos,217927
989d9d4a-e15c-4666-8797-b2c957207246,LOTE-02,2023-03-11,Materiais Brutos,349503
8441aefd-0299-436a-8e48-522346b98991,LOTE-02,2023-04-04,Combustível,380502
680bac63-b856-4035-bdc9-829015eabb27,LOTE-02,2023-02-18,Salários,407056
79e13cea-b0cb-461f-bd85-de89c2171429,LOTE-03,2023-03-05,Salários,37825
046a0df5-cafd-4613-b2bb-912d7da67785,LOTE-02,2023-01-10,Salários,230892
3e493f43-b118-468d-a786-d50638ba8abc,LOTE-04,2023-01-31,Aluguel de Máquinas,300768
8db06746-7927-4973-9e78-1fd794e0d3ba,LOTE-03,2023-02-22,Aluguel de Máquinas,494742
8ce6424d-bef5-4fe6-bf23-3d5f6cedd15d,LOTE-04,2023-02-02,Combustível,154623
4e7ed827-455a-4762-b428-a656b3ee4d3b,LOTE-04,2023-01-25,Aluguel de Máquinas,175414
50c7c006-314d-4441-b8a6-171f1ee34dc4,LOTE-01,2023-01-12,Combustível,48107
b0ae8f08-c31e-4bbc-b36c-b62b892e6161,LOTE-03,2023-01-19,Aluguel de Máquinas,137614
46c8adfe-7bf4-4042-bd15-31c83764fbda,LOTE-01,2023-03-13,Salários,155386
98c7472a-864e-4a13-829c-fc0cfa02eaec,LOTE-01,2023-01-29,Combustível,260105
4bd6cee6-31b1-4099-9527-21e719bc143e,LOTE-04,2023-01-23,Combustível,348149
b540b30e-039f-4a25-8d61-68bd2defe193,LOTE-05,2023-02-22,Manutenção,287821
0df56ac6-f96b-448a-8ba6-eab94639447b,LOTE-04,2023-02-24,Materiais Brutos,86046
a34b6cf6-2053-4a42-b1af-db65b289f224,LOTE-05,2023-03-27,Aluguel de Máquinas,158443
0323d342-df6a-4f93-9a43-2f0a7daa39f0,LOTE-01,2023-02-26,Manutenção,492571
5738811d-70c2-403f-ba8d-03aa782a65e0,LOTE-03,2023-01-19,Manutenção,192489
dc99e04c-f0e9-4b3b-80a2-6c600d270659,LOTE-04,2023-02-17,Materiais Brutos,228167
7de31a51-6694-4343-90ba-58e3d2762bdc,LOTE-01,2023-01-08,Salários,180446
26d794d3-0db9-4301-afbb-411aa1235a8c,LOTE-01,2023-01-15,Manutenção,437930
15ce6a66-4dc8-4a1e-b2f9-e5fa90164161,LOTE-04,2023-04-09,Manutenção,130583
6a8a616f-c3b2-40d0-8edd-dfcd1e52d770,LOTE-01,2023-03-02,Salários,447242
c693da11-39c6-41ca-9e50-aa42ca6dfda1,LOTE-03,2023-02-21,Materiais Brutos,351243
4c1f55ab-7156-49ee-a893-be3d7354ea6f,LOTE-02,2023-03-27,Salários,271950
9191b363-4e2d-4645-adc7-cac7fd72b050,LOTE-03,2023-03-03,Materiais Brutos,296423
19675f06-bd76-4e35-b5c9-b0479c10c572,LOTE-05,2023-04-04,Manutenção,100147
43bfd931-3605-4f54-a021-c0ca3531968d,LOTE-01,2023-03-07,Salários,63216
8d4f5d27-2c7f-4b79-bd67-cde92834e4c0,LOTE-04,2023-01-08,Salários,210964
b07aa066-7354-45ea-a894-9b8d00af5b3a,LOTE-04,2023-02-28,Materiais Brutos,434578
49c13de7-3b42-46c5-885b-15fb4a8ff810,LOTE-03,2023-03-11,Aluguel de Máquinas,495710
1238d630-743b-45a2-9c0f-2fcfb3f6fe0d,LOTE-04,2023-03-10,Manutenção,482296
ca8f3653-c9af-48f8-83b9-da13ec856f37,LOTE-03,2023-03-03,Aluguel de Máquinas,143543
32a447b2-ef04-457d-8dcc-c33aa9434aa0,LOTE-02,2023-02-12,Combustível,139689
26242b40-a5cb-43a2-b98d-1ca68b6870b5,LOTE-04,2023-03-31,Combustível,275941
0f44704f-1247-4a4e-a469-98e8d39e198b,LOTE-01,2023-01-17,Materiais Brutos,231366
d3016989-bfbb-417f-9854-ce4e4ebfa5c3,LOTE-04,2023-02-26,Aluguel de Máquinas,325340
77fc9703-1fd5-4423-b06c-5c5649e2623d,LOTE-02,2023-03-10,Manutenção,317099
45b1ed25-f153-4ae8-a70a-cc5cb321bf21,LOTE-04,2023-02-19,Manutenção,372423
9918ee46-1497-4658-b010-f7197e695d0d,LOTE-05,2023-01-04,Materiais Brutos,497561
9a8cfa3c-5283-4ac7-bc0a-6a5d6e996e3e,LOTE-02,2023-01-25,Combustível,441416
ac9ed156-f63f-4e41-ba9a-ca5e176132ed,LOTE-04,2023-03-24,Salários,495795
054f92ff-f366-4ad4-964d-b03f93403fad,LOTE-03,2023-04-09,Materiais Brutos,206905
9384ec2b-44fe-4cae-9248-a9a7ac1aa554,LOTE-05,2023-01-04,Aluguel de Máquinas,361088
84dad06a-7872-4deb-acd9-4cbbc19ad58c,LOTE-01,2023-03-06,Combustível,433662
ff37d19c-2e76-428b-8735-44f9ea83bf00,LOTE-05,2023-02-27,Manutenção,404423
f8140102-7de1-4dfe-9072-5b5ca2814044,LOTE-04,2023-01-10,Manutenção,247257
5230dfbd-5553-42fe-a889-803e5913f9d3,LOTE-05,2023-03-08,Manutenção,248598
6961929e-546e-435a-a92b-d156db946570,LOTE-04,2023-03-10,Materiais Brutos,352272
668409e3-f1f8-443e-a99f-131849c8a43f,LOTE-05,2023-03-22,Materiais Brutos,473698
168b1625-746f-4891-8964-fbbf8cd321b0,LOTE-03,2023-02-01,Manutenção,163895
c5c5b37a-f85e-46a1-9dad-09b252c21221,LOTE-05,2023-02-10,Aluguel de Máquinas,407947
004b6fab-fcf5-4188-932e-6dcd83bc9478,LOTE-02,2023-03-07,Manutenção,482359
0de051a6-69ca-47d2-b644-14fd8ae769ed,LOTE-03,2023-01-19,Salários,340325
7f9d3e64-c1a6-423b-9f64-eeed5c9d927d,LOTE-04,2023-03-03,Combustível,399543
445dcc38-341c-4494-8d36-6dfcc28ebd70,LOTE-03,2023-02-24,Salários,93019
e17f29e1-7028-4046-89bc-473fed7bf656,LOTE-03,2023-03-11,Combustível,404041
a14923c2-f920-464c-8763-fcd01f15c7b6,LOTE-05,2023-03-02,Materiais Brutos,139038
4f8d5238-288b-48b5-b5b4-53ca3d42993c,LOTE-05,2023-02-24,Combustível,77824
3985fb62-17dc-4eff-a872-13f98d605936,LOTE-05,2023-04-09,Manutenção,201623
f27292b6-7621-42ed-9d0b-c9bde9b5c5cf,LOTE-02,2023-01-12,Materiais Brutos,225505
eec259dc-7f95-497c-a76a-a6ced50755d9,LOTE-01,2023-03-12,Materiais Brutos,489619
6a5d932b-45ff-4c83-b495-db4e82456fb4,LOTE-01,2023-03-24,Aluguel de Máquinas,374215
74eff545-3e65-4603-b8e3-654bfaf14ff0,LOTE-02,2023-02-24,Aluguel de Máquinas,393625
9970cf60-ebff-4d15-b0cb-d7556232b17a,LOTE-03,2023-02-20,Combustível,43823
11df12d7-dd30-4e89-a2f2-35f2e11b868d,LOTE-03,2023-01-28,Aluguel de Máquinas,55071
57021049-6a39-4aa6-9aba-c50dca3dd859,LOTE-05,2023-04-03,Combustível,22812
00a81de9-d20f-47d0-8465-6d6b81fb18b3,LOTE-02,2023-01-29,Salários,267439
9475dbc9-9641-4ced-9664-d2644c6e27ff,LOTE-02,2023-04-09,Combustível,147704
7250ee18-260a-4962-9d81-b7f57d5911c6,LOTE-04,2023-02-23,Salários,209682
c34b9fbb-8d4a-45b8-951a-c8ea585a0afa,LOTE-05,2023-02-23,Aluguel de Máquinas,210963
de9e3757-5260-401e-aecf-67d2749176f4,LOTE-02,2023-01-19,Manutenção,99381
620a60ac-9261-449d-bd22-5c30b28f41de,LOTE-03,2023-01-24,Salários,488348
517400f8-0b2c-482a-a928-8e92c68a152f,LOTE-04,2023-03-15,Manutenção,240742
61985d54-cfb8-4e6f-a9d6-8f23b489d070,LOTE-04,2023-02-08,Aluguel de Máquinas,273063
a6eab79e-d21c-42f8-8ada-4f80a9e782d4,LOTE-01,2023-04-08,Materiais Brutos,422985
2051acef-097a-4e10-b6fe-bc0e7ecddbaf,LOTE-05,2023-02-19,Materiais Brutos,472943
19b17e80-dea4-4e17-94fd-9ad39716108e,LOTE-02,2023-03-28,Aluguel de Máquinas,287790
e912b4bf-86a4-4ae4-9986-b4b270b7e868,LOTE-05,2023-02-15,Materiais Brutos,321612
def57689-68f4-4bce-a4e7-5e8eb8f21423,LOTE-01,2023-03-06,Aluguel de Máquinas,471815
c8120a8e-7830-4930-9327-f1bc2784378f,LOTE-01,2023-04-06,Salários,29174
65c17795-b155-46bc-9f8d-ed9756abf2f1,LOTE-01,2023-03-06,Combustível,385208
aca2b148-da33-4aa1-941c-dfcdda0d4a5f,LOTE-04,2023-03-27,Materiais Brutos,137005
a075e927-5110-4492-b442-7e0b61484bb3,LOTE-03,2023-03-13,Materiais Brutos,434901
8a80068d-df54-4e50-bcea-2045c268283e,LOTE-01,2023-01-04,Materiais Brutos,266034
af34cf65-a193-44b2-bc19-e71d118405ad,LOTE-02,2023-04-02,Manutenção,249375
1723199d-bf2c-44a0-ba3c-8a71ff574e2b,LOTE-02,2023-02-12,Materiais Brutos,140570
b4323070-a23d-4c2f-82a7-96891933918c,LOTE-02,2023-03-28,Combustível,381126
4ca9cf07-b1aa-4f6a-aa96-e1e27194eae2,LOTE-05,2023-03-31,Salários,309178
0e5dd462-cbd0-4ef2-930a-37df0bc61066,LOTE-03,2023-01-30,Salários,397412
3e83b91f-2544-4fe0-ae41-7d475ff595ea,LOTE-05,2023-02-22,Materiais Brutos,409139
2e183554-cae2-4e66-ae8a-781390e0a95b,LOTE-05,2023-01-17,Salários,170783
61ee6c5b-deef-480f-9c07-a75114374509,LOTE-04,2023-03-03,Manutenção,436355
9549c931-e9af-499d-bf67-1eec3da70577,LOTE-02,2023-01-15,Aluguel de Máquinas,155573
75a66981-4104-48b5-a34d-b7c5760debbb,LOTE-03,2023-01-26,Salários,108098
771ad655-cdfc-4ee0-a61e-de900267deb3,LOTE-03,2023-03-31,Manutenção,124326
12e89d10-2871-4733-8bed-db12ad77e82f,LOTE-02,2023-02-13,Materiais Brutos,114698
4c955f6a-966b-4964-bcd6-bdca5876fd09,LOTE-02,2023-03-05,Materiais Brutos,343625
74f33103-4006-4ff2-b0b8-62ef6c9f82b9,LOTE-04,2023-03-25,Aluguel de Máquinas,299597
da743152-627b-41a1-bfd6-f23232ffe294,LOTE-05,2023-02-17,Materiais Brutos,168066
5be4bf51-9269-4698-a1a1-17293cb98350,LOTE-02,2023-02-26,Manutenção,114363
059dd55d-4b94-4e30-b303-f438fe2110d0,LOTE-01,2023-04-07,Aluguel de Máquinas,498751
0212b554-4644-48b4-a553-867da881bfd3,LOTE-05,2023-02-26,Salários,103509
f93e08d5-bea2-4dfe-873f-6e1baf908e3c,LOTE-05,2023-01-05,Manutenção,414497
d534ee1d-7f29-44f5-bec3-9a379b3d74bd,LOTE-02,2023-03-31,Manutenção,83454
3ae909fe-cc82-48da-8696-f5e64944051b,LOTE-03,2023-03-02,Salários,466041
30ac7d7b-a2f9-43a3-b810-ae665a31b4cc,LOTE-05,2023-03-03,Aluguel de Máquinas,31338
c478f6f1-b88e-4318-816d-83edad81f8bd,LOTE-02,2023-03-07,Salários,447056
18dfbc3c-a0d4-4e3d-a303-f6c6d69d42f1,LOTE-02,2023-03-31,Aluguel de Máquinas,197321
c9e26074-4f16-49a0-8a17-991ea5769411,LOTE-04,2023-02-13,Salários,97356
21a4344f-bb7b-4e03-9d67-8bb1945ef2e4,LOTE-03,2023-01-09,Aluguel de Máquinas,168691
6a5e6920-bf5a-47e6-93a3-dd5a4b8c5bdc,LOTE-03,2023-01-18,Materiais Brutos,66400
e05fb8bc-8a16-406c-8958-e75e21d53971,LOTE-01,2023-04-07,Materiais Brutos,317133
45c45a3e-e9da-484a-8075-9f1f87e5f0fe,LOTE-05,2023-03-24,Combustível,268852
f1b64afe-d31e-4f1a-a9ff-1cae41c8ca8c,LOTE-01,2023-02-17,Salários,474373
ded255d0-bf1e-4366-8b8e-63d4ce7607ad,LOTE-03,2023-02-03,Materiais Brutos,426910
1346d1a9-f680-4cdb-b7e4-90c71d7bc313,LOTE-05,2023-01-14,Salários,465935
ad238d36-dc32-4c97-b9c1-e262f76c8ede,LOTE-03,2023-03-13,Combustível,74156
d882b5c1-f79e-4d70-a5bc-c272fadd7ea3,LOTE-02,2023-03-21,Combustível,399920
6502d6a2-ca6a-4224-971e-16cc5da36f1b,LOTE-03,2023-01-02,Salários,252168
5e5ba13d-746c-4b77-9fa3-82e8895ccd99,LOTE-04,2023-03-08,Manutenção,107097
618ae305-95a5-4afa-831d-029fac1e86d8,LOTE-03,2023-03-23,Combustível,425111
acc216a0-1bbc-41f7-9f18-e583f0b6f83f,LOTE-05,2023-01-24,Manutenção,38035
f1738856-e25d-46eb-9e9a-9f83066803ee,LOTE-02,2023-02-25,Manutenção,195274
a5cc8bf7-38ab-454c-9c2e-58deea4e3617,LOTE-03,2023-01-07,Salários,299762
b379cb1e-e8cd-40cc-b6da-3ca0d2e82f38,LOTE-03,2023-01-30,Combustível,423379
0b9bd934-23c8-4d30-9dde-7969688613db,LOTE-03,2023-04-04,Manutenção,118993
1dba1267-7e1c-45a1-bef5-18a64dead645,LOTE-05,2023-01-10,Materiais Brutos,76321
637e4b01-22ba-410e-899c-a782e3236d1a,LOTE-02,2023-02-14,Materiais Brutos,387268
b24cc64f-be3e-4e57-b30a-9e32aba4fc03,LOTE-02,2023-04-04,Salários,207510
ba0266ef-be05-4787-965b-efdf6b4be411,LOTE-03,2023-01-16,Salários,177987
d56ce8ea-1959-4b5a-a7a8-f6366a35df59,LOTE-02,2023-02-18,Materiais Brutos,297810
479d0cda-f396-4a37-b065-c817687a4850,LOTE-01,2023-01-04,Aluguel de Máquinas,374073
71d79665-7181-4dcf-b79e-fc6e5edb0d3c,LOTE-02,2023-04-05,Manutenção,148704
fb1e143b-196f-4dfa-9cd8-fe1adafec8a9,LOTE-05,2023-03-09,Salários,39508
a5135ea0-fa53-434d-a6d5-901d8b621d41,LOTE-03,2023-02-05,Aluguel de Máquinas,450514
f7dc67e0-3097-4b2b-86a0-2a9b65ec7acd,LOTE-01,2023-01-13,Aluguel de Máquinas,340434
1777e8cb-7468-4b98-92fe-2fded918b3e5,LOTE-02,2023-03-07,Combustível,401072
f8999246-98de-4ebb-a3b5-cecea446be72,LOTE-02,2023-01-03,Manutenção,352431
fd235def-3e5a-47e3-9560-db22c96b5edb,LOTE-01,2023-01-13,Combustível,281331
d46ef104-1190-4f50-b488-5a4690882eaf,LOTE-05,2023-03-17,Manutenção,69911
d0243d72-3748-467f-961d-33ba350843f0,LOTE-02,2023-03-28,Aluguel de Máquinas,56211
c9e48e8c-25c6-4c45-863d-04ee541c7a86,LOTE-02,2023-03-31,Manutenção,331261
fbe94499-dbc0-40fd-86fb-7bf300b9d4a3,LOTE-01,2023-01-15,Combustível,493918
cc6b66e5-402a-4f9c-8a4b-8f7c21472a15,LOTE-05,2023-01-18,Manutenção,180082
21bddb41-0699-4731-9dcf-8766a93b12cd,LOTE-03,2023-01-02,Salários,108455
96bf10ab-3ce9-45e7-89d6-a63bca3c6f5f,LOTE-03,2023-02-02,Aluguel de Máquinas,273396
20733f6d-0d6a-45b3-83ef-20162c9b662e,LOTE-01,2023-03-15,Combustível,339788
104556e5-bee3-4b79-9d18-1ee986ad8a8c,LOTE-04,2023-02-17,Combustível,25898
97fa7f04-8363-4007-9cae-9610c72c1fe3,LOTE-05,2023-01-11,Manutenção,366538
9d77a45e-f206-4269-b8b7-7c0780fb9296,LOTE-01,2023-01-05,Aluguel de Máquinas,99451
a8addf36-ddf2-45eb-a8a3-f341c8819065,LOTE-01,2023-02-21,Combustível,211460
07f97d05-f6ca-4b8b-a4b1-f99175424646,LOTE-05,2023-01-07,Materiais Brutos,246178
6d204496-66d0-4371-98e8-8ebb7a9e8eef,LOTE-01,2023-03-09,Manutenção,53949
718d4d05-e8e2-4743-b65f-eea97d824264,LOTE-04,2023-01-08,Salários,66370
25f934bf-9bb9-4155-9275-eb9414aeaf5c,LOTE-02,2023-01-07,Combustível,340749
95da75c1-a211-40f9-9fd3-4579466772ce,LOTE-02,2023-02-24,Materiais Brutos,466382
98eeac2b-fe9f-4caa-a182-f347533f5a72,LOTE-05,2023-02-22,Combustível,274267
6e218b09-9afd-4015-816b-cb9f7426b193,LOTE-05,2023-01-10,Aluguel de Máquinas,351436
a79b44b6-da50-4fed-9d4a-3d81b3a7d0e0,LOTE-04,2023-03-06,Materiais Brutos,422606
dd90e79e-b888-46ed-8d24-4e3ec4dabddb,LOTE-03,2023-01-22,Salários,486415
69efafb1-3a7e-4e14-a359-eee173991a47,LOTE-05,2023-02-03,Combustível,43135
bac7e2b9-6a7e-4c36-a613-2e6974188109,LOTE-01,2023-01-10,Combustível,27536
4140752c-aa44-4259-9001-8b7b6d4067f4,LOTE-03,2023-02-07,Materiais Brutos,300443
79699ed2-ec48-4f55-afd3-80c42713582c,LOTE-01,2023-01-07,Aluguel de Máquinas,370050
6e8f75a1-17dd-4d81-95da-705cd4ef00aa,LOTE-04,2023-01-10,Combustível,330406
214f3f12-cfd0-4cbd-9f65-c8cebd21bc11,LOTE-03,2023-02-25,Combustível,320458
8fca7b6a-8fc4-4092-b4e5-59e596229348,LOTE-03,2023-02-02,Combustível,463011
dfa4bb9f-5a85-4750-a92a-c1391f4a8ca1,LOTE-04,2023-03-07,Materiais Brutos,397936
ea74bb18-de3b-496f-ac45-96f6c012a0ff,LOTE-05,2023-03-13,Aluguel de Máquinas,114794
4ffca6b1-99b4-49d4-89a2-14aef7e8f8e5,LOTE-05,2023-02-04,Materiais Brutos,467207
279c658a-3676-4ce5-81e5-c9f693f277cc,LOTE-04,2023-03-07,Salários,13013
59a1120e-1bb4-4332-98e7-012f39681c81,LOTE-01,2023-03-25,Aluguel de Máquinas,358419
47503f1d-c33a-4f6c-9d69-1fba5e187b24,LOTE-02,2023-02-26,Materiais Brutos,182115
8f9b72ae-d85c-46bd-adda-4f8dcea60f4c,LOTE-01,2023-04-07,Aluguel de Máquinas,216151
accb461a-9d13-4363-9f29-4a8bd1846c39,LOTE-04,2023-03-05,Aluguel de Máquinas,233362
a867a096-edd8-47c8-9be7-173706b89231,LOTE-03,2023-03-24,Aluguel de Máquinas,261383
45f50c52-2e2f-4f77-8769-79d644777442,LOTE-03,2023-03-11,Materiais Brutos,138159
59dcabd0-56fe-4fb9-abe9-e2074f199ec0,LOTE-05,2023-01-01,Materiais Brutos,287747
a847bce7-90fa-4b57-a4ac-2130deaf528d,LOTE-03,2023-02-09,Manutenção,363422
f8c88fae-a217-4f84-bdb0-25ff2451e5a4,LOTE-01,2023-01-04,Salários,75818
604e46cb-3712-42d1-87cd-b6a1bf012e32,LOTE-04,2023-02-11,Salários,431998
4fc77768-5ebb-4ca5-a84b-f9625744f596,LOTE-02,2023-03-13,Salários,287967
98a21f1c-914d-4fae-b100-13a7c6deb2f0,LOTE-02,2023-01-09,Aluguel de Máquinas,21371
c122b5b3-284c-43d2-a7d4-15b60d77c5a0,LOTE-01,2023-03-03,Salários,372205
716fda0a-45a8-4829-94e2-86e5ac8936bc,LOTE-03,2023-03-07,Salários,369112
6a07f213-7129-4ec7-9b69-554d7c54535f,LOTE-01,2023-01-28,Manutenção,375397
585d3f86-1d23-44e6-8329-20b7c143f426,LOTE-01,2023-02-12,Materiais Brutos,478178
97d7a560-adb1-4670-ad9f-b00d4882d73c,LOTE-01,2023-02-18,Salários,243667
3873e57f-0ba0-48e8-8ef4-92c1aac93316,LOTE-04,2023-02-09,Aluguel de Máquinas,278217
345512f7-01f7-47ec-8e06-30cd996d5c50,LOTE-05,2023-01-30,Salários,56103
c3a00c6f-2321-41e1-8471-04c036136e15,LOTE-03,2023-01-26,Combustível,157050
7f54a511-01fa-464e-9eb7-4b5653ffd3a2,LOTE-04,2023-03-15,Manutenção,257018
88575117-6155-4667-a112-507c2cfa55b0,LOTE-01,2023-03-11,Manutenção,382842
ab05347f-d556-437d-8f08-81ee8011316b,LOTE-04,2023-03-21,Combustível,463376
bdf66ba5-dc9c-46de-a5a6-74c212738a23,LOTE-05,2023-01-05,Salários,118989
13eecdc6-ebd1-4d2c-b5b2-745504cc3ede,LOTE-03,2023-03-27,Manutenção,105441
67884209-92ca-425a-ade5-93329364f3d0,LOTE-01,2023-03-12,Manutenção,216161
67b03283-1d7c-4098-8a1d-ab326aedfdc7,LOTE-02,2023-01-03,Aluguel de Máquinas,487453
f296d9f0-cd23-42c2-abff-e17b532401fc,LOTE-05,2023-03-03,Aluguel de Máquinas,363607
5ca260c9-eb76-47c9-b08a-4895d4ffa666,LOTE-03,2023-01-09,Materiais Brutos,182203
6f887f28-3e49-4d09-9b19-d8b8d8302081,LOTE-01,2023-02-28,Combustível,323052
dedab027-6550-474a-9422-373f862268d1,LOTE-04,2023-01-31,Manutenção,303955
c77444cb-5543-4c3c-b8b8-f24e56ea57b3,LOTE-05,2023-01-17,Manutenção,340210
87d5b7be-1d30-4990-a21b-030782af085c,LOTE-05,2023-02-20,Materiais Brutos,177657
59e1ac09-5970-4859-86b6-e4ade7ea8d5a,LOTE-01,2023-03-14,Salários,253357
25cf0041-d0a6-43fe-a53b-c024d1a69d87,LOTE-05,2023-01-24,Aluguel de Máquinas,442156
2c6a6e9a-3280-47a1-8187-222b257d5e52,LOTE-02,2023-03-01,Manutenção,378164
134a5a2f-a7cf-405c-8257-cf73c29d782b,LOTE-02,2023-01-18,Aluguel de Máquinas,271428
76c5a0dc-7e7e-4419-a0c1-4035c5d95f51,LOTE-04,2023-03-16,Materiais Brutos,463682
ae5ec365-72eb-4474-9458-054ec2874f06,LOTE-05,2023-04-02,Aluguel de Máquinas,110274
fc8d5b93-a2a2-491f-a49b-1cd99082889b,LOTE-05,2023-03-03,Salários,132411
50ee7a92-a091-41e0-b891-b0c3dd3f487e,LOTE-04,2023-01-15,Combustível,142841
a1a27485-7134-4c2a-b80b-3657117b355b,LOTE-01,2023-01-30,Aluguel de Máquinas,343859
5a18e2a3-0e61-4bcd-9767-490046510367,LOTE-01,2023-02-20,Combustível,209593
09a0a0f6-73b0-4091-b634-c1694f76e388,LOTE-02,2023-01-06,Aluguel de Máquinas,357302
a508dc95-13a4-4492-897d-e16dd4ea120a,LOTE-02,2023-03-27,Combustível,282281
98159d6c-9d71-4084-971d-abf9daf481a7,LOTE-03,2023-02-20,Materiais Brutos,165454
f4488385-8de7-4d6c-9490-77c27674456f,LOTE-04,2023-03-20,Salários,64638
e8b77f7b-7321-4f6b-8a80-76ece5582e16,LOTE-03,2023-03-22,Materiais Brutos,338248
9ae1a991-524f-43ff-b030-7633a6ded1d8,LOTE-01,2023-02-17,Salários,478616
73557b9d-0fd6-447e-b52d-4af2269ed4c9,LOTE-03,2023-01-11,Aluguel de Máquinas,331141
fb7d9f1c-57eb-49b1-965e-59dde62d2d06,LOTE-05,2023-03-12,Manutenção,277700
0a0537f0-2c2c-422b-a568-95c6812a1f9b,LOTE-02,2023-01-25,Materiais Brutos,99603
86295b5d-707d-4251-bdb1-429e7010ed13,LOTE-05,2023-02-21,Salários,66894
eafde7d9-5f73-4a3e-9d28-6aa428a39779,LOTE-01,2023-01-29,Materiais Brutos,446279
adcc3daf-569f-4ab3-8643-530068a51c68,LOTE-02,2023-03-01,Manutenção,425056
55ab946d-a5b5-4dc2-a181-c85eca0ac6ac,LOTE-01,2023-01-07,Manutenção,443810
62f5df2b-adaa-44ca-8ed6-ad5e18318aa3,LOTE-01,2023-01-29,Combustível,384543
f6e39356-a814-4562-9a00-3f16b9469bcf,LOTE-01,2023-03-31,Manutenção,314173
14dd5061-5557-46f8-a67e-ddcedf8f4197,LOTE-01,2023-02-27,Manutenção,438484
4f6b58c8-598d-4aec-aaaf-e5432434a678,LOTE-05,2023-04-06,Salários,309637
2102f9c9-6457-4bc4-a981-b098b2cf952d,LOTE-02,2023-02-28,Materiais Brutos,355932
8f158449-4f40-422f-95b0-2530f020e992,LOTE-01,2023-02-07,Aluguel de Máquinas,485584
20b71785-d02c-40c1-9417-0a17caaa5bbe,LOTE-05,2023-03-08,Combustível,16065
ff4625af-bd20-463b-b275-b5f3d436a7a8,LOTE-02,2023-03-09,Salários,307746
aba301cb-a561-41e9-97ec-889c86c1b6cb,LOTE-05,2023-02-11,Combustível,449424
4f11d8dc-5cd3-4369-84aa-c1b75ca0c428,LOTE-03,2023-01-18,Salários,368716
c422d03e-f29a-4339-977b-c55a36d55494,LOTE-04,2023-02-18,Materiais Brutos,389179
27aa7cbc-2337-4bbc-bffe-77c839feb99c,LOTE-03,2023-01-08,Materiais Brutos,225975
81f7f3fb-19e4-4c6a-89c2-3e69d82c7565,LOTE-01,2023-03-18,Materiais Brutos,348064
86cac6f4-e238-4e93-bd17-c5e8d5ca69ab,LOTE-04,2023-01-04,Aluguel de Máquinas,246928
9e374f7a-c42c-4c39-a05b-46c556363094,LOTE-05,2023-01-13,Materiais Brutos,364873
2e4bebc4-2989-4880-a77d-1be96070b6a1,LOTE-02,2023-03-24,Aluguel de Máquinas,193416
e7147668-cf1d-4d3a-9fee-fdffc566aa81,LOTE-05,2023-01-17,Salários,355928
5d42b9e9-692e-47b6-8b2f-6d5c700b5d5f,LOTE-04,2023-03-08,Manutenção,237364
9c4ffb46-71b7-41aa-b836-f5713ccec76c,LOTE-03,2023-01-29,Manutenção,398213
3be79df4-72ec-416e-88a7-23e9bfa016c2,LOTE-04,2023-02-22,Materiais Brutos,114277
c8cc7cfe-cf01-4944-b731-57494f3949a8,LOTE-03,2023-02-16,Salários,139757
ada58417-5e2a-432d-b1ab-0b56d5c9fdc7,LOTE-02,2023-04-04,Materiais Brutos,274545
c4f9eccd-7630-48a7-b0ca-fdd8fc043f08,LOTE-03,2023-01-28,Aluguel de Máquinas,410432
6b2d5b09-8707-4ad4-80be-7e3561c2645a,LOTE-02,2023-04-06,Salários,444948
9acb394a-cd1f-4318-b31f-63fbd11fc8c0,LOTE-02,2023-01-14,Manutenção,420589
7b07fd31-a424-4f23-8d5b-a7cd400035f0,LOTE-04,2023-03-28,Aluguel de Máquinas,276898
b61e5fdb-1a43-4206-af2d-dcc48df661da,LOTE-02,2023-03-25,Combustível,269388
1578d709-48f9-43d0-9fea-e1e0d9e604b3,LOTE-01,2023-03-17,Materiais Brutos,154927
836b15c7-e7c2-45da-b306-958845d5a68d,LOTE-02,2023-01-15,Materiais Brutos,63151
e916da57-f248-43ab-977a-8a5f6ffe33b3,LOTE-02,2023-01-22,Salários,443698
ee33688d-597e-4845-a277-18c5737d1fb6,LOTE-02,2023-01-03,Aluguel de Máquinas,193792
5fbbf0b1-8083-49c8-a57e-01c90da23e5c,LOTE-03,2023-01-24,Manutenção,281917
397b5f51-5ffa-46ef-94e4-180cfe9936a3,LOTE-04,2023-01-03,Combustível,116151
b6f6dbf1-d6d4-41cc-995d-82f8ee4a9b5d,LOTE-05,2023-03-06,Salários,21942
09ce3cfb-2339-4a19-a563-7cc3ca97ebf5,LOTE-03,2023-01-29,Materiais Brutos,40315
d4c3a832-b231-460b-b8f2-ce6bd46b415d,LOTE-05,2023-01-14,Salários,496810
9d8776a0-72d7-4bdd-b817-99ffb49e04cc,LOTE-02,2023-01-01,Combustível,357601
3735262d-4184-4b03-84dd-7054144823f7,LOTE-05,2023-03-24,Manutenção,80278
9bdf90f2-ba2c-4f19-b0b2-a5d18c7e6f42,LOTE-01,2023-02-22,Aluguel de Máquinas,474461
3cd5fd7f-49c1-4669-86b3-3fe61c76bdf6,LOTE-02,2023-01-30,Manutenção,353573
a3925731-6b79-4fcc-bd0a-5f0c0c394ec7,LOTE-05,2023-03-20,Combustível,145005
d6312a80-1c61-4ec2-9014-2131750565f5,LOTE-03,2023-03-31,Manutenção,166113
a1c7cc8a-0435-4b64-893a-d23298c3e3ca,LOTE-02,2023-02-21,Manutenção,495501
4a90cd0c-24c1-43b9-b7f2-85723defa849,LOTE-01,2023-02-12,Manutenção,353645
92170475-3d95-4e3f-9a52-26e69d642932,LOTE-03,2023-02-11,Manutenção,355960
8603156a-15ea-4bcf-ab10-21ceaa143cd8,LOTE-03,2023-04-07,Materiais Brutos,375172
8b48f496-86ab-44e7-b412-436011536e99,LOTE-02,2023-02-20,Salários,244381
0534a101-8ddc-4719-81f3-8dd4fd034ada,LOTE-02,2023-02-08,Manutenção,25116
630aa767-a2bb-422b-8b25-1279785ac5d0,LOTE-01,2023-04-08,Materiais Brutos,433897
5b6a8102-0428-4378-bf50-23f440ef3935,LOTE-04,2023-03-20,Combustível,172897
a837fe68-bba2-45ca-bdba-6da85844f9fc,LOTE-04,2023-03-04,Materiais Brutos,351195
c1b5b5ca-bc35-46df-94f7-9dbac5811d2d,LOTE-01,2023-02-02,Combustível,167719
56ab087a-8bc7-4e81-9a30-45280b599562,LOTE-01,2023-03-22,Combustível,470018
af475b49-c775-4395-9494-05f02cd2a404,LOTE-02,2023-02-15,Salários,104852
2ea9c542-a1b9-40d0-ba81-04deb20507bb,LOTE-05,2023-03-22,Manutenção,354738
f1901b7e-c6b4-49ef-b74e-ba9310275b53,LOTE-04,2023-02-15,Manutenção,391285
ca862225-0b36-4356-b39b-77a84b1f0d7b,LOTE-01,2023-01-20,Salários,211567
4f612217-eef1-4694-90ca-e32d0aba590e,LOTE-03,2023-02-21,Manutenção,273340
7930ba20-8b04-4f49-90be-73eefd372539,LOTE-03,2023-01-26,Aluguel de Máquinas,253899
493e904d-30ec-4796-a59b-457fc0d7ac73,LOTE-01,2023-02-05,Materiais Brutos,175112
a7de02cc-dda4-44a7-8c3c-e284c7e53bbb,LOTE-01,2023-02-02,Manutenção,219061
6fdc0bad-5e36-4127-8ca1-b45c1fdd980a,LOTE-01,2023-03-30,Salários,431805
f4dbca07-e506-4670-b092-947dbe4969ec,LOTE-04,2023-02-08,Materiais Brutos,427848
b12b6680-7f07-4cb9-afd3-40c0f945f2fd,LOTE-03,2023-02-19,Manutenção,490194
4447ceab-84ef-4324-8c1b-4157ec9f9c54,LOTE-02,2023-03-21,Salários,142079
6e3c4532-1434-4f62-acac-028cba220065,LOTE-01,2023-03-01,Salários,147475
4b3446bc-8ba4-45cc-ae32-6567d284f54e,LOTE-02,2023-02-01,Materiais Brutos,21535
4baf0f5e-a932-4094-93f2-8f11147f6570,LOTE-03,2023-01-31,Materiais Brutos,134627
2aa93b43-6d15-416f-b7b8-c1a59a45693d,LOTE-02,2023-03-10,Combustível,252025
ba108217-0ad7-49a2-b277-16ec59fefbbc,LOTE-05,2023-03-28,Aluguel de Máquinas,426537
6f5842c3-ff86-4c31-9d66-e8155a4153b3,LOTE-03,2023-01-28,Salários,147243
0eaf04b5-f2a9-4c8a-8a9e-4a62fae3114b,LOTE-03,2023-01-08,Manutenção,95477
83599af6-5d01-455f-a7fd-64c4a334058a,LOTE-01,2023-03-21,Manutenção,409617
